<service>
  <!-- ID of the service. It should be unique accross the Windows system-->
  <id>NMRS-Biometric-Service</id>
  <!-- Path to the executable, which should be started -->
  <executable>java</executable>
  <!-- Display name of the service -->
  <name>NMRS Biometric Service</name>
  <!-- Service description -->
  <description>This is the NMRS FingerPrint Service to capture patient biometrics</description>
  <onfailure action="restart" delay="10 sec"/>
  <arguments>-jar %BASE%\nmrs-biometric.jar  --spring.config.name=application</arguments>
  <priority>Normal</priority>
  <stoptimeout>15 sec</stoptimeout>
  <startmode>Automatic</startmode>
  <logpath>%BASE%\logs</logpath>
  <log mode="roll">
  </log>
</service>